﻿[
  {
    "Key": "B1-C",
    "Value": "GGZM-2-B1-5"
  },
  {
    "Key": "B1-C",
    "Value": "GGZM-4-B1-12"
  },
  {
    "Key": "B1-C",
    "Value": "GGZM-4-B1-14"
  },
  {
    "Key": "B1-C",
    "Value": "YJZM-4-B1-9"
  },
  {
    "Key": "B1-E",
    "Value": "GGZM-3-B1-4"
  },
  {
    "Key": "B1-E",
    "Value": "GGZM-3-B1-5"
  },
  {
    "Key": "B1-E",
    "Value": "GGZM-4-B1-6"
  },
  {
    "Key": "B1-E",
    "Value": "YJZM-4-B1-3"
  },
  {
    "Key": "B1-E",
    "Value": "YJZM-4-B1-4"
  },
  {
    "Key": "B1-P",
    "Value": "GGZM-3-B1-6"
  },
  {
    "Key": "B1-P",
    "Value": "GGZM-4-B1-15"
  },
  {
    "Key": "B1-T",
    "Value": "GGZM-1-B1-5"
  },
  {
    "Key": "B1-T",
    "Value": "GGZM-2-B1-4"
  },
  {
    "Key": "B1-T",
    "Value": "GGZM-4-B1-11"
  },
  {
    "Key": "B1-T",
    "Value": "YJZM-2-B1-3"
  },
  {
    "Key": "B1-W",
    "Value": "GGZM-1-B1-4"
  },
  {
    "Key": "B1-W",
    "Value": "GGZM-5-B1-6"
  },
  {
    "Key": "B1-W",
    "Value": "YJZM-1-B1-3"
  },
  {
    "Key": "B1-W",
    "Value": "YJZM-4-B1-8"
  },
  {
    "Key": "F1-C",
    "Value": "GGZM-4-F1-4"
  },
  {
    "Key": "F1-C",
    "Value": "YJZM-4-F1-3"
  },
  {
    "Key": "F1-E",
    "Value": "GGZM-4-F1-11"
  },
  {
    "Key": "F1-E",
    "Value": "GGZM-4-F1-12"
  },
  {
    "Key": "F1-E",
    "Value": "YJZM-4-F1-7"
  },
  {
    "Key": "F1-P",
    "Value": "GGZM-2-F1-4"
  },
  {
    "Key": "F1-P",
    "Value": "GGZM-3-F1-4"
  },
  {
    "Key": "F1-P",
    "Value": "YJZM-3-F1-3"
  },
  {
    "Key": "F1-P",
    "Value": "YJZM-4-F1-2"
  },
  {
    "Key": "F1-T",
    "Value": "GGZM-2-F1-3"
  },
  {
    "Key": "F1-T",
    "Value": "YJZM-2-F1-3"
  },
  {
    "Key": "F1-W",
    "Value": "GGZM-1-F1-4"
  },
  {
    "Key": "F1-W",
    "Value": "GGZM-1-F1-6"
  },
  {
    "Key": "F1-W",
    "Value": "GGZM-5-F1-4"
  },
  {
    "Key": "F1-W",
    "Value": "YJZM-1-F1-4"
  },
  {
    "Key": "F2-C",
    "Value": "GGZM-2-F2-11"
  },
  {
    "Key": "F2-C",
    "Value": "GGZM-2-F2-6"
  },
  {
    "Key": "F2-C",
    "Value": "GGZM-2-F2-7"
  },
  {
    "Key": "F2-C",
    "Value": "GGZM-2-F2-8"
  },
  {
    "Key": "F2-C",
    "Value": "GGZM-2-F2-9"
  },
  {
    "Key": "F2-C",
    "Value": "YJZM-2-F2-3"
  },
  {
    "Key": "F2-C",
    "Value": "YJZM-4-F2-4"
  },
  {
    "Key": "F2-E",
    "Value": "GGZM-4-F2-10"
  },
  {
    "Key": "F2-E",
    "Value": "YJZM-3-F2-4"
  },
  {
    "Key": "F2-P",
    "Value": "GGZM-3-F2-6"
  },
  {
    "Key": "F2-P",
    "Value": "YJZM-3-F2-3"
  },
  {
    "Key": "F2-P",
    "Value": "YJZM-4-F2-10"
  },
  {
    "Key": "F2-P",
    "Value": "YJZM-4-F2-5"
  },
  {
    "Key": "F2-T",
    "Value": "GGZM-2-F2-5"
  },
  {
    "Key": "F2-T",
    "Value": "GGZM-5-F2-5"
  },
  {
    "Key": "F2-W",
    "Value": "GGZM-1-F2-5"
  },
  {
    "Key": "F2-W",
    "Value": "GGZM-1-F2-6"
  },
  {
    "Key": "F2-W",
    "Value": "YJZM-1-F2-4"
  }
]