﻿[
  {
    "Key": "B1-C",
    "Value": "FCU-2-B1-2"
  },
  {
    "Key": "B1-C",
    "Value": "FCU-4-B1-4"
  },
  {
    "Key": "B1-C",
    "Value": "FCU-4-B1-5"
  },
  {
    "Key": "B1-E",
    "Value": "FCU-4-B1-1"
  },
  {
    "Key": "B1-E",
    "Value": "FCU-4-B1-2"
  },
  {
    "Key": "B1-P",
    "Value": "FCU-3-B1-1"
  },
  {
    "Key": "B1-T",
    "Value": "FCU-2-B1-1"
  },
  {
    "Key": "B1-T",
    "Value": "FCU-5-B1-2"
  },
  {
    "Key": "B1-W",
    "Value": "FCU-1-B1-1"
  },
  {
    "Key": "F1-C",
    "Value": "FCU-4-F1-3"
  },
  {
    "Key": "F1-E",
    "Value": "FCU-3-F1-2"
  },
  {
    "Key": "F1-E",
    "Value": "FCU-4-F1-7"
  },
  {
    "Key": "F1-P",
    "Value": "FCU-2-F1-3"
  },
  {
    "Key": "F1-P",
    "Value": "FCU-3-F1-1"
  },
  {
    "Key": "F1-P",
    "Value": "FCU-4-F1-4"
  },
  {
    "Key": "F1-T",
    "Value": "FCU-2-F1-2"
  },
  {
    "Key": "F1-T",
    "Value": "FCU-4-F1-1"
  },
  {
    "Key": "F1-T",
    "Value": "FCU-5-F1-4"
  },
  {
    "Key": "F1-W",
    "Value": "FCU-1-F1-1"
  },
  {
    "Key": "F1-W",
    "Value": "FCU-5-F1-1"
  },
  {
    "Key": "F1-W",
    "Value": "FCU-5-F1-2"
  },
  {
    "Key": "F2-C",
    "Value": "FCU-2-F2-1"
  },
  {
    "Key": "F2-E",
    "Value": "FCU-3-F2-1"
  },
  {
    "Key": "F2-E",
    "Value": "FCU-4-F2-1"
  },
  {
    "Key": "F2-P",
    "Value": "FCU-2-F2-2"
  },
  {
    "Key": "F2-T",
    "Value": "FCU-5-F2-1"
  },
  {
    "Key": "F2-W",
    "Value": "FCU-1-F2-1"
  }
]