﻿[
  {
    "Key": "L03M 1",
    "Value": "door1"
  },
  {
    "Key": "L03M 1",
    "Value": "door2"
  },
  {
    "Key": "L03M 1",
    "Value": "door3"
  },
  {
    "Key": "L03M 1",
    "Value": "door4"
  },
  {
    "Key": "L03M 1",
    "Value": "door5"
  },
  {
    "Key": "L03M 1",
    "Value": "door6"
  },
  {
    "Key": "L10",
    "Value": "menjin_L10_R01"
  },
  {
    "Key": "L10",
    "Value": "menjin_L10_R02"
  },
  {
    "Key": "L10",
    "Value": "menjin_L10_R03"
  },
  {
    "Key": "L10",
    "Value": "menjin_L10_R04"
  },
  {
    "Key": "L10",
    "Value": "menjin_L10_R05"
  },
  {
    "Key": "L10",
    "Value": "menjin_L10_R06"
  },
  {
    "Key": "L10",
    "Value": "menjin_L10_R07"
  },
  {
    "Key": "L10",
    "Value": "menjin_L10_R08"
  },
  {
    "Key": "L10",
    "Value": "menjin_L10_R09"
  },
  {
    "Key": "L10",
    "Value": "menjin_L10_R10"
  },
  {
    "Key": "L10",
    "Value": "menjin_L10_R11"
  },
  {
    "Key": "L10",
    "Value": "menjin_L10_会议室"
  },
  {
    "Key": "L10",
    "Value": "menjin_L10_电梯北"
  },
  {
    "Key": "L10",
    "Value": "menjin_L10_电梯南"
  },
  {
    "Key": "L10",
    "Value": "menjin_L10_货梯北"
  },
  {
    "Key": "L10",
    "Value": "menjin_L10_货梯南"
  },
  {
    "Key": "L11",
    "Value": "menjin_L11_R01"
  },
  {
    "Key": "L11",
    "Value": "menjin_L11_R02"
  },
  {
    "Key": "L11",
    "Value": "menjin_L11_R03"
  },
  {
    "Key": "L11",
    "Value": "menjin_L11_R04"
  },
  {
    "Key": "L11",
    "Value": "menjin_L11_R05"
  },
  {
    "Key": "L11",
    "Value": "menjin_L11_R06"
  },
  {
    "Key": "L11",
    "Value": "menjin_L11_R07"
  },
  {
    "Key": "L11",
    "Value": "menjin_L11_R08"
  },
  {
    "Key": "L11",
    "Value": "menjin_L11_R09"
  },
  {
    "Key": "L11",
    "Value": "menjin_L11_R10"
  },
  {
    "Key": "L11",
    "Value": "menjin_L11_R11"
  },
  {
    "Key": "L11",
    "Value": "menjin_L11_会议室"
  },
  {
    "Key": "L11",
    "Value": "menjin_L11_电梯北"
  },
  {
    "Key": "L11",
    "Value": "menjin_L11_电梯南"
  },
  {
    "Key": "L11",
    "Value": "menjin_L11_货梯北"
  },
  {
    "Key": "L11",
    "Value": "menjin_L11_货梯南"
  },
  {
    "Key": "L12",
    "Value": "menjin_L12_R01"
  },
  {
    "Key": "L12",
    "Value": "menjin_L12_R02"
  },
  {
    "Key": "L12",
    "Value": "menjin_L12_R03"
  },
  {
    "Key": "L12",
    "Value": "menjin_L12_R04"
  },
  {
    "Key": "L12",
    "Value": "menjin_L12_R05"
  },
  {
    "Key": "L12",
    "Value": "menjin_L12_R06"
  },
  {
    "Key": "L12",
    "Value": "menjin_L12_R07"
  },
  {
    "Key": "L12",
    "Value": "menjin_L12_R08"
  },
  {
    "Key": "L12",
    "Value": "menjin_L12_R09"
  },
  {
    "Key": "L12",
    "Value": "menjin_L12_R10"
  },
  {
    "Key": "L12",
    "Value": "menjin_L12_会议室"
  },
  {
    "Key": "L12",
    "Value": "menjin_L12_电梯北"
  },
  {
    "Key": "L12",
    "Value": "menjin_L12_电梯南"
  },
  {
    "Key": "L12",
    "Value": "menjin_L12_货梯北"
  },
  {
    "Key": "L12",
    "Value": "menjin_L12_货梯南"
  },
  {
    "Key": "L15",
    "Value": "menjin_L15_R01"
  },
  {
    "Key": "L15",
    "Value": "menjin_L15_R02"
  },
  {
    "Key": "L15",
    "Value": "menjin_L15_R03"
  },
  {
    "Key": "L15",
    "Value": "menjin_L15_R04"
  },
  {
    "Key": "L15",
    "Value": "menjin_L15_R05"
  },
  {
    "Key": "L15",
    "Value": "menjin_L15_R06"
  },
  {
    "Key": "L15",
    "Value": "menjin_L15_R07"
  },
  {
    "Key": "L15",
    "Value": "menjin_L15_R08"
  },
  {
    "Key": "L15",
    "Value": "menjin_L15_R09"
  },
  {
    "Key": "L15",
    "Value": "menjin_L15_R10"
  },
  {
    "Key": "L15",
    "Value": "menjin_L15_会议室"
  },
  {
    "Key": "L15",
    "Value": "menjin_L15_电梯北"
  },
  {
    "Key": "L15",
    "Value": "menjin_L15_电梯南"
  },
  {
    "Key": "L15",
    "Value": "menjin_L15_货梯北"
  },
  {
    "Key": "L15",
    "Value": "menjin_L15_货梯南"
  },
  {
    "Key": "L16",
    "Value": "menjin_L16_R01"
  },
  {
    "Key": "L16",
    "Value": "menjin_L16_R02"
  },
  {
    "Key": "L16",
    "Value": "menjin_L16_R03"
  },
  {
    "Key": "L16",
    "Value": "menjin_L16_R04"
  },
  {
    "Key": "L16",
    "Value": "menjin_L16_R05"
  },
  {
    "Key": "L16",
    "Value": "menjin_L16_R06"
  },
  {
    "Key": "L16",
    "Value": "menjin_L16_R07"
  },
  {
    "Key": "L16",
    "Value": "menjin_L16_R08"
  },
  {
    "Key": "L16",
    "Value": "menjin_L16_R09"
  },
  {
    "Key": "L16",
    "Value": "menjin_L16_R10"
  },
  {
    "Key": "L16",
    "Value": "menjin_L16_会议室"
  },
  {
    "Key": "L16",
    "Value": "menjin_L16_电梯北"
  },
  {
    "Key": "L16",
    "Value": "menjin_L16_电梯南"
  },
  {
    "Key": "L16",
    "Value": "menjin_L16_货梯北"
  },
  {
    "Key": "L16",
    "Value": "menjin_L16_货梯南"
  },
  {
    "Key": "L17",
    "Value": "menjin_L17_R01"
  },
  {
    "Key": "L17",
    "Value": "menjin_L17_R02"
  },
  {
    "Key": "L17",
    "Value": "menjin_L17_R03"
  },
  {
    "Key": "L17",
    "Value": "menjin_L17_R04"
  },
  {
    "Key": "L17",
    "Value": "menjin_L17_R05"
  },
  {
    "Key": "L17",
    "Value": "menjin_L17_R06"
  },
  {
    "Key": "L17",
    "Value": "menjin_L17_R07"
  },
  {
    "Key": "L17",
    "Value": "menjin_L17_R08"
  },
  {
    "Key": "L17",
    "Value": "menjin_L17_R09"
  },
  {
    "Key": "L17",
    "Value": "menjin_L17_R10"
  },
  {
    "Key": "L17",
    "Value": "menjin_L17_会议室"
  },
  {
    "Key": "L17",
    "Value": "menjin_L17_电梯北"
  },
  {
    "Key": "L17",
    "Value": "menjin_L17_电梯南"
  },
  {
    "Key": "L17",
    "Value": "menjin_L17_货梯北"
  },
  {
    "Key": "L17",
    "Value": "menjin_L17_货梯南"
  },
  {
    "Key": "L6",
    "Value": "menjin_L6_A"
  },
  {
    "Key": "L6",
    "Value": "menjin_L6_R01"
  },
  {
    "Key": "L6",
    "Value": "menjin_L6_R02"
  },
  {
    "Key": "L6",
    "Value": "menjin_L6_R03"
  },
  {
    "Key": "L6",
    "Value": "menjin_L6_R04"
  },
  {
    "Key": "L6",
    "Value": "menjin_L6_R05"
  },
  {
    "Key": "L6",
    "Value": "menjin_L6_R06"
  },
  {
    "Key": "L6",
    "Value": "menjin_L6_R07"
  },
  {
    "Key": "L6",
    "Value": "menjin_L6_R08"
  },
  {
    "Key": "L6",
    "Value": "menjin_L6_R09"
  },
  {
    "Key": "L6",
    "Value": "menjin_L6_R10"
  },
  {
    "Key": "L6",
    "Value": "menjin_L6_小会议室"
  },
  {
    "Key": "L6",
    "Value": "menjin_L6_电梯北"
  },
  {
    "Key": "L6",
    "Value": "menjin_L6_电梯南"
  },
  {
    "Key": "L6",
    "Value": "menjin_L6_货梯北"
  },
  {
    "Key": "L6",
    "Value": "menjin_L6_货梯南"
  },
  {
    "Key": "L7",
    "Value": "menjin_L7_R01"
  },
  {
    "Key": "L7",
    "Value": "menjin_L7_R02"
  },
  {
    "Key": "L7",
    "Value": "menjin_L7_R03"
  },
  {
    "Key": "L7",
    "Value": "menjin_L7_R04"
  },
  {
    "Key": "L7",
    "Value": "menjin_L7_R05"
  },
  {
    "Key": "L7",
    "Value": "menjin_L7_R06"
  },
  {
    "Key": "L7",
    "Value": "menjin_L7_R07"
  },
  {
    "Key": "L7",
    "Value": "menjin_L7_R08"
  },
  {
    "Key": "L7",
    "Value": "menjin_L7_R09"
  },
  {
    "Key": "L7",
    "Value": "menjin_L7_R10"
  },
  {
    "Key": "L7",
    "Value": "menjin_L7_R11"
  },
  {
    "Key": "L7",
    "Value": "menjin_L7_会议室"
  },
  {
    "Key": "L7",
    "Value": "menjin_L7_电梯北"
  },
  {
    "Key": "L7",
    "Value": "menjin_L7_电梯南"
  },
  {
    "Key": "L7",
    "Value": "menjin_L7_货梯北"
  },
  {
    "Key": "L7",
    "Value": "menjin_L7_货梯南"
  },
  {
    "Key": "L8",
    "Value": "menjin_L8_R01"
  },
  {
    "Key": "L8",
    "Value": "menjin_L8_R02"
  },
  {
    "Key": "L8",
    "Value": "menjin_L8_R03"
  },
  {
    "Key": "L8",
    "Value": "menjin_L8_R04"
  },
  {
    "Key": "L8",
    "Value": "menjin_L8_R05"
  },
  {
    "Key": "L8",
    "Value": "menjin_L8_R06"
  },
  {
    "Key": "L8",
    "Value": "menjin_L8_R07"
  },
  {
    "Key": "L8",
    "Value": "menjin_L8_R08"
  },
  {
    "Key": "L8",
    "Value": "menjin_L8_R09"
  },
  {
    "Key": "L8",
    "Value": "menjin_L8_R10"
  },
  {
    "Key": "L8",
    "Value": "menjin_L8_R11"
  },
  {
    "Key": "L8",
    "Value": "menjin_L8_会议室"
  },
  {
    "Key": "L8",
    "Value": "menjin_L8_电梯北"
  },
  {
    "Key": "L8",
    "Value": "menjin_L8_电梯南"
  },
  {
    "Key": "L8",
    "Value": "menjin_L8_货梯北"
  },
  {
    "Key": "L8",
    "Value": "menjin_L8_货梯南"
  },
  {
    "Key": "L9",
    "Value": "menjin_L9_R01"
  },
  {
    "Key": "L9",
    "Value": "menjin_L9_R02"
  },
  {
    "Key": "L9",
    "Value": "menjin_L9_R03"
  },
  {
    "Key": "L9",
    "Value": "menjin_L9_R04"
  },
  {
    "Key": "L9",
    "Value": "menjin_L9_R05"
  },
  {
    "Key": "L9",
    "Value": "menjin_L9_R06"
  },
  {
    "Key": "L9",
    "Value": "menjin_L9_R07"
  },
  {
    "Key": "L9",
    "Value": "menjin_L9_R08"
  },
  {
    "Key": "L9",
    "Value": "menjin_L9_R09"
  },
  {
    "Key": "L9",
    "Value": "menjin_L9_R10"
  },
  {
    "Key": "L9",
    "Value": "menjin_L9_R11"
  },
  {
    "Key": "L9",
    "Value": "menjin_L9_会议室"
  },
  {
    "Key": "L9",
    "Value": "menjin_L9_电梯北"
  },
  {
    "Key": "L9",
    "Value": "menjin_L9_电梯南"
  },
  {
    "Key": "L9",
    "Value": "menjin_L9_货梯北"
  },
  {
    "Key": "L9",
    "Value": "menjin_L9_货梯南"
  }
]